DEPTH,GR,LLD,RHOB,PhiNSS
M,API,ohm.m,g/cm3,porosity units
2950.0068,180.7067,1.5149,2.4297,0.4474
2950.1592,181.02,1.5264,2.4359,0.4496
2950.3116,181.6543,1.53,2.4455,0.4564
2950.464,180.9982,1.5594,2.4422,0.4888
2950.6164,181.8987,1.5867,2.4463,0.4895
2950.7688,188.3484,1.6005,2.4434,0.4807
2950.9212,191.5982,1.6278,2.4529,0.438
2951.0736,196.2281,1.6636,2.445,0.4479
2951.226,196.1583,1.6839,2.439,0.4332
2951.3784,192.1292,1.7121,2.4415,0.4538
2951.5308,192.2523,1.7412,2.4537,0.4662
2951.6832,183.4196,1.7195,2.4591,0.457
2951.8356,180.8332,1.725,2.4569,0.4756
2951.988,172.4545,1.7278,2.4417,0.4868
2952.1404,172.9166,1.6717,2.4335,0.5196
2952.2928,176.5586,1.5807,2.4406,0.4946
2952.4452,179.3532,1.5735,2.4568,0.5104
2952.5976,176.1833,1.6027,2.4734,0.4611
2952.75,175.3277,1.6673,2.4758,0.4664
2952.9024,175.9837,1.8323,2.4678,0.4564
2953.0548,179.4708,1.9768,2.4702,0.4791
2953.2072,177.3369,2.0702,2.4769,0.468
2953.3596,173.9982,2.1407,2.4778,0.4655
2953.512,173.8253,2.1649,2.4896,0.4834
2953.6644,179.0067,2.1711,2.5022,0.4383
2953.8168,178.7493,2.2205,2.5181,0.4329
2953.9692,178.1428,2.4834,2.5328,0.4188
2954.1216,167.1019,2.829,2.6048,0.4312
2954.274,156.8729,3.0462,2.7217,0.4242
2954.4264,140.2063,3.0854,2.814,0.4201
2954.5788,137.9456,2.8876,2.7598,0.4067
2954.7312,148.9552,2.7129,2.6631,0.4149
2954.8836,169.6562,2.6327,2.6002,0.4366
2955.036,182.1163,2.6011,2.5875,0.4618
2955.1884,185.4117,2.543,2.5843,0.478
2955.3408,179.8376,2.4946,2.5916,0.4578
2955.4932,177.3903,2.4541,2.584,0.4536
2955.6456,174.4264,2.405,2.5863,0.4142
2955.798,172.2642,2.4382,2.5985,0.4197
2955.9504,163.0834,2.5272,2.612,0.4177
2956.1028,162.8236,2.645,2.612,0.439
2956.2552,165.4332,2.8155,2.6147,0.4448
2956.4076,168.0311,2.7696,2.6327,0.4443
2956.56,159.5881,2.6745,2.6517,0.4349
2956.7124,159.1184,2.3922,2.6434,0.4475
2956.8648,168.0809,2.0878,2.6156,0.456
2957.0172,179.5726,2.0503,2.5732,0.4848
2957.1696,183.4552,2.1063,2.5474,0.4742
2957.322,181.1171,2.1686,2.5306,0.4756
2957.4744,179.6271,2.4776,2.5276,0.4722
2957.6268,180.7241,2.6312,2.518,0.4727
2957.7792,180.3344,2.5878,2.5286,0.4527
2957.9316,179.0939,2.5276,2.5374,0.4619
2958.084,185.6721,2.5015,2.5466,0.4427
2958.2364,188.6597,2.5293,2.5547,0.4798
2958.3888,193.4559,2.6338,2.5404,0.4828
2958.5412,197.3586,2.7324,2.5383,0.492
2958.6936,206.11,3.0855,2.5536,0.4662
2958.846,211.5168,3.7655,2.5619,0.4553
2958.9984,190.1154,4.9196,2.5477,0.4538
2959.1508,147.0339,7.3156,2.4278,0.4024
2959.3032,100.9222,9.9993,2.295,0.3521
2959.4556,68.4184,12.6909,2.2082,0.237
2959.608,59.033,17.8324,2.1848,0.1732
2959.7604,57.4743,24.5277,2.1883,0.135
2959.9128,63.9217,27.6906,2.2046,0.1289
2960.0652,63.3257,32.0458,2.2222,0.1357
2960.2176,64.7739,35.1935,2.2358,0.1437
2960.37,62.9808,30.8111,2.2411,0.1372
2960.5224,69.988,22.0245,2.2545,0.1297
2960.6748,72.2012,17.4359,2.2563,0.1278
2960.8272,83.1339,17.0602,2.2656,0.1435
2960.9796,97.978,19.0179,2.2847,0.1555
2961.132,111.2027,25.1775,2.3101,0.1815
2961.2844,105.3575,41.965,2.2873,0.1884
2961.4368,87.0881,79.2012,2.2417,0.1804
2961.5892,69.8124,109.2494,2.2044,0.148
2961.7416,60.4356,148.6834,2.1765,0.1246
2961.894,56.1874,180.6094,2.1538,0.1137
2962.0464,53.6626,183.2253,2.1336,0.1059
2962.1988,53.5399,168.9991,2.1215,0.0971
2962.3512,53.4451,152.8896,2.1193,0.0909
2962.5036,52.4709,147.2486,2.139,0.0943
2962.656,52.7304,152.1836,2.1718,0.1003
2962.8084,51.5279,161.7559,2.1942,0.1159
2962.9608,55.0269,182.9764,2.2017,0.1154
2963.1132,58.9413,208.9555,2.1847,0.1155
2963.2656,62.2323,215.9279,2.1691,0.1047
2963.418,60.2839,224.5186,2.1618,0.0964
2963.5704,56.0925,247.3728,2.1585,0.0913
2963.7228,52.9235,253.7138,2.1626,0.0886
2963.8752,53.0534,254.3764,2.1573,0.0897
2964.0276,54.9259,248.3397,2.171,0.0885
2964.18,57.6935,219.1864,2.1948,0.1024
2964.3324,58.3823,185.4202,2.2287,0.1131
2964.4848,56.5609,153.9146,2.2431,0.1186
2964.6372,56.6925,122.5291,2.25,0.114
2964.7896,57.7523,103.7089,2.2685,0.1151
2964.942,59.4245,90.8193,2.27,0.1206
2965.0944,58.8675,70.1749,2.2745,0.1239
2965.2468,55.6985,55.3312,2.2742,0.1245
2965.3992,56.3479,52.4319,2.2917,0.1269
2965.5516,58.8614,51.8472,2.2852,0.1332
2965.704,58.9829,53.1178,2.2706,0.1368
2965.8564,60.2818,59.9273,2.251,0.1439
2966.0088,59.9361,84.9845,2.2477,0.1472
2966.1612,63.6601,104.2505,2.2537,0.1517
2966.3136,60.2833,107.9817,2.2513,0.1572
2966.466,61.2268,102.3722,2.2551,0.1707
2966.6184,59.3017,94.8301,2.2501,0.1722
2966.7708,64.5429,89.4037,2.2584,0.1579
2966.9232,60.1702,86.5789,2.2839,0.1443
2967.0756,60.2803,84.8882,2.2993,0.1339
2967.228,55.0392,86.122,2.2963,0.1357
2967.3804,56.56,84.9163,2.295,0.1348
2967.5328,55.3652,74.6548,2.2841,0.1305
2967.6852,55.2349,74.0602,2.2681,0.1167
2967.8376,54.4448,80.2875,2.2555,0.108
2967.99,51.3923,92.5037,2.2471,0.1052
2968.1424,53.053,117.735,2.2339,0.1093
2968.2948,53.2316,137.6926,2.2243,0.1118
2968.4472,54.2707,141.7717,2.2202,0.1159
2968.5996,51.9772,149.1579,2.2206,0.1113
2968.752,50.791,160.1588,2.2209,0.1081
2968.9044,53.0479,170.8892,2.2221,0.0995
2969.0568,54.9797,160.6354,2.2189,0.0967
2969.2092,56.4257,141.7889,2.2214,0.095
2969.3616,57.9247,123.5759,2.2342,0.1004
2969.514,59.4834,110.0837,2.2544,0.1074
2969.6664,64.2813,97.763,2.2568,0.1234
2969.8188,65.1804,89.2439,2.2469,0.1325
2969.9712,61.5999,88.1839,2.234,0.1441
2970.1236,55.8927,90.8058,2.2182,0.1297
2970.276,53.0379,94.278,2.2062,0.1185
2970.4284,55.2141,100.7007,2.1954,0.1117
2970.5808,57.2923,99.9675,2.1871,0.1107
2970.7332,58.4614,93.0029,2.1738,0.1101
2970.8856,59.8863,88.223,2.1735,0.1163
2971.038,58.1571,87.4065,2.1915,0.1363
2971.1904,57.5258,83.6556,2.2021,0.1496
2971.3428,54.483,69.0837,2.2109,0.1471
2971.4952,55.926,54.0866,2.2033,0.1395
2971.6476,54.8869,45.8448,2.2186,0.1397
2971.8,57.3572,39.3721,2.2413,0.1444
2971.9524,58.2928,36.5418,2.2644,0.1449
2972.1048,62.384,39.1711,2.2571,0.1467
2972.2572,60.9508,42.2246,2.2525,0.144
2972.4096,60.7641,41.432,2.2432,0.1515
2972.562,57.4153,40.5454,2.2508,0.1569
2972.7144,58.014,41.3641,2.2551,0.161
2972.8668,55.9562,45.7105,2.2524,0.1581
2973.0192,54.2542,57.8159,2.2432,0.1621
2973.1716,49.7665,73.2146,2.2474,0.1548
2973.324,52.0487,86.9895,2.256,0.1597
2973.4764,53.1203,92.7971,2.2634,0.1481
2973.6288,57.9373,91.0895,2.2694,0.1321
2973.7812,56.0255,85.1503,2.2762,0.1142
2973.9336,55.0132,76.8833,2.265,0.1117
2974.086,53.2898,68.1885,2.2592,0.122
2974.2384,53.6024,61.8191,2.2604,0.1363
2974.3908,56.3016,60.1561,2.2656,0.1408
2974.5432,59.0823,58.3557,2.2687,0.13
2974.6956,56.2867,56.7611,2.2631,0.1182
2974.848,53.9681,55.5902,2.2634,0.1122
2975.0004,51.4643,52.7715,2.2619,0.1159
2975.1528,54.6065,49.29,2.272,0.1166
2975.3052,59.8872,46.3073,2.2664,0.1264
2975.4576,60.743,43.8482,2.2564,0.1278
2975.61,59.9727,41.9272,2.2476,0.1325
2975.7624,55.8427,40.3314,2.2533,0.1271
2975.9148,54.4705,37.8827,2.2618,0.1287
2976.0672,55.2868,33.3263,2.2656,0.1293
2976.2196,57.2994,28.068,2.2443,0.1394
2976.372,57.2021,23.192,2.2348,0.1443
2976.5244,54.1659,17.156,2.2381,0.1503
2976.6768,53.2823,11.6749,2.2446,0.1563
2976.8292,55.0991,8.5622,2.2493,0.1596
2976.9816,62.2685,6.2977,2.312,0.1628
2977.134,90.1607,5.0334,2.3921,0.1786
2977.2864,128.8848,4.4857,2.4797,0.2308
2977.4388,179.9233,4.2649,2.499,0.34
2977.5912,214.0479,4.3103,2.5208,0.4159
2977.7436,233.3634,4.6775,2.5177,0.4302
2977.896,239.9392,5.0032,2.5223,0.4094
2978.0484,228.5087,4.7029,2.5253,0.4038
2978.2008,224.1072,4.314,2.4595,0.3862
2978.3532,210.223,3.3516,2.349,0.4101
2978.5056,207.1651,2.6432,2.2756,0.4492
2978.658,202.4345,2.3463,2.2751,0.5156
2978.8104,198.2195,2.1011,2.3074,0.5437
2978.9628,192.6314,1.9822,2.3242,0.5784
2979.1152,192.5651,2.0198,2.3502,0.5781
2979.2676,198.0777,2.0232,2.3429,0.5595
2979.42,209.9964,2.0912,2.3331,0.5588
2979.5724,220.9586,2.1646,2.3229,0.5517
2979.7248,241.3386,2.2353,2.3395,0.5622
2979.8772,261.3535,2.2952,2.3568,0.5418
2980.0296,268.95,2.3429,2.3468,0.5305
2980.182,257.317,2.3614,2.3471,0.5134
2980.3344,236.0867,2.359,2.3544,0.5282
2980.4868,221.4247,2.3536,2.3737,0.5267
2980.6392,217.0373,2.3426,2.3534,0.5439
2980.7916,220.4902,2.3126,2.3466,0.5662
2980.944,220.1879,2.2671,2.3499,0.5743
2981.0964,214.8572,2.2579,2.3623,0.6168
2981.2488,207.393,2.2706,2.3569,0.629
2981.4012,211.8235,2.3021,2.3399,0.6405
2981.5536,216.8893,2.3679,2.3316,0.5975
2981.706,220.5773,2.4716,2.3478,0.5277
2981.8584,210.0032,2.5951,2.4056,0.5634
2982.0108,207.5255,2.762,2.4478,0.5457
2982.1632,196.0498,2.9773,2.4588,0.6119
2982.3156,195.9278,3.0948,2.4718,0.5689
2982.468,193.0129,3.6404,2.4972,0.5193
2982.6204,192.4143,4.3118,2.5814,0.4555
2982.7728,179.6534,4.9617,2.6018,0.3833
2982.9252,164.0818,5.1323,2.5397,0.3303
2983.0776,167.4224,4.0922,2.4188,0.3164
2983.23,177.726,3.3048,2.3885,0.3514
2983.3824,193.0527,3.1591,2.4219,0.4457
2983.5348,199.006,3.5269,2.4973,0.5228
2983.6872,189.0387,3.8989,2.4837,0.5388
2983.8396,162.0553,3.6329,2.45,0.438
2983.992,133.5761,2.7248,2.4397,0.3242
2984.1444,120.1112,2.5841,2.4224,0.2572
2984.2968,121.3049,3.0037,2.4353,0.2387
2984.4492,123.1216,3.8526,2.4631,0.2377
2984.6016,137.8793,4.9969,2.515,0.2523
2984.754,154.1816,4.8499,2.5165,0.2749
2984.9064,165.2879,3.6934,2.4896,0.2967
2985.0588,169.3027,3.1354,2.4551,0.3296
2985.2112,173.7147,3.0518,2.4729,0.3845
2985.3636,181.5614,3.407,2.5029,0.3967
2985.516,184.0596,4.2377,2.5539,0.4025
2985.6684,185.487,5.3685,2.5601,0.3767
2985.8208,182.6871,6.764,2.5511,0.3728
2985.9732,175.1932,7.8261,2.5341,0.3509
2986.1256,166.0338,8.188,2.5358,0.3171
2986.278,162.2659,8.0397,2.5283,0.2962
2986.4304,157.7771,7.3342,2.4998,0.2789
2986.5828,147.126,6.345,2.4587,0.2783
2986.7352,137.9309,5.4364,2.4166,0.2716
2986.8876,131.1832,4.2869,2.4041,0.2663
2987.04,130.4539,3.9302,2.3946,0.2574
2987.1924,127.5658,3.8975,2.3971,0.2632
2987.3448,125.2685,3.5455,2.3993,0.272
2987.4972,127.3373,3.7195,2.4085,0.2821
2987.6496,127.8569,3.5353,2.4065,0.2716
2987.802,129.7966,3.1248,2.4002,0.2609
2987.9544,128.0673,3.0433,2.3978,0.2643
2988.1068,121.6763,3.0781,2.4013,0.2593
2988.2592,119.9976,3.4728,2.4137,0.2706
2988.4116,115.1964,3.7406,2.4137,0.268
2988.564,122.1505,3.2563,2.4226,0.2789
2988.7164,123.8733,3.0839,2.4132,0.2831
2988.8688,131.2723,2.8457,2.3932,0.2896
2989.0212,125.0313,2.6182,2.3652,0.304
2989.1736,115.7238,2.7022,2.3449,0.3088
2989.326,103.6439,3.016,2.3483,0.2789
2989.4784,105.1936,2.7751,2.3774,0.2572
2989.6308,112.9081,2.272,2.3913,0.2528
2989.7832,117.5462,1.8234,2.3752,0.2601
2989.9356,112.3559,1.6816,2.3081,0.2719
2990.088,98.0594,1.8731,2.2525,0.2906
2990.2404,82.9001,2.173,2.2254,0.3093
2990.3928,74.6828,2.4897,2.2533,0.2972
2990.5452,80.4064,2.8818,2.3244,0.3003
2990.6976,90.1483,3.4565,2.4363,0.2937
2990.85,99.6786,4.0535,2.5343,0.2971
2991.0024,100.5234,4.735,2.5911,0.3216
2991.1548,100.3935,5.955,2.5885,0.3593
2991.3072,103.7832,5.2773,2.5459,0.3618
2991.4596,116.1874,3.5601,2.4751,0.3779
2991.612,129.0922,2.7793,2.3999,0.4047
2991.7644,133.9677,2.3625,2.3742,0.3559
2991.9168,128.6421,2.2603,2.3761,0.3192
2992.0692,121.8423,2.4913,2.3883,0.2948
2992.2216,113.6099,2.7234,2.3959,0.2933
2992.374,103.6793,3.0917,2.3811,0.2851
2992.5264,94.6871,3.0837,2.3843,0.2879
2992.6788,92.2539,3.0153,2.4044,0.2774
2992.8312,100.5881,2.909,2.4268,0.269
2992.9836,116.0749,2.6237,2.4111,0.2527
2993.136,121.7072,2.3732,2.3644,0.264
2993.2884,115.8997,2.4161,2.3459,0.2822
2993.4408,100.124,2.5517,2.3503,0.2858
2993.5932,95.6766,2.697,2.3692,0.2799
2993.7456,93.6983,2.7843,2.3704,0.2769
2993.898,95.2539,2.713,2.3715,0.2678
2994.0504,102.8673,2.7927,2.3675,0.2592
2994.2028,109.4488,2.7352,2.3731,0.2549
2994.3552,109.3499,2.7031,2.3761,0.2598
2994.5076,93.8116,2.7989,2.3703,0.2597
2994.66,83.753,2.6197,2.3678,0.2494
2994.8124,83.3942,2.4375,2.3618,0.2481
2994.9648,83.7108,2.2222,2.3511,0.2472
2995.1172,82.7505,1.8327,2.3249,0.2477
2995.2696,74.8464,1.5524,2.3066,0.2635
2995.422,69.7027,1.3945,2.2953,0.2648
2995.5744,63.6488,1.2989,2.2793,0.2765
2995.7268,60.2423,1.2859,2.266,0.264
2995.8792,60.8911,1.4342,2.2804,0.2561
2996.0316,69.2042,1.6041,2.3257,0.2431
2996.184,73.584,1.6353,2.3696,0.2431
2996.3364,70.9695,1.581,2.3648,0.2471
2996.4888,61.9177,1.3342,2.3144,0.2494
2996.6412,54.4143,1.1964,2.2715,0.2504
2996.7936,49.9065,1.1311,2.249,0.2461
2996.946,49.2918,1.093,2.2462,0.2469
2997.0984,51.4251,1.0764,2.2398,0.256
2997.2508,55.4517,1.1004,2.2325,0.2703
2997.4032,57.3247,1.1643,2.2218,0.2707
2997.5556,57.0105,1.2276,2.2177,0.2683
2997.708,58.3094,1.2696,2.2261,0.2472
2997.8604,55.5471,1.306,2.2484,0.2408
2998.0128,57.4786,1.2874,2.2617,0.2433
2998.1652,56.3285,1.2843,2.2671,0.26
2998.3176,58.5448,1.2952,2.2626,0.2431
2998.47,58.1876,1.3027,2.251,0.2362
2998.6224,55.9936,1.3081,2.2558,0.231
2998.7748,56.1499,1.3352,2.2725,0.2375
2998.9272,54.4435,1.3688,2.2833,0.234
2999.0796,57.5035,1.4189,2.2751,0.2344
2999.232,57.5035,1.4313,2.2752,0.237
2999.3844,60.0542,1.4592,2.2689,0.2427
2999.5368,55.1427,1.492,2.2616,0.2396
2999.6892,53.4182,1.5004,2.2594,0.2386
2999.8416,50.512,1.4476,2.2647,0.2413
2999.994,53.7593,1.3699,2.2617,0.2486
3000.1464,54.9451,1.2555,2.2575,0.2329
3000.2988,56.7553,1.1392,2.2529,0.236
3000.4512,59.6129,1.0799,2.2565,0.2423
3000.6036,60.8214,1.0803,2.2464,0.2574
3000.756,58.4017,1.1619,2.2338,0.2719
3000.9084,56.9831,1.2891,2.2185,0.2729
3001.0608,53.3092,1.3582,2.2254,0.2642
3001.2132,57.1495,1.3622,2.2285,0.2648
3001.3656,53.9498,1.3185,2.2292,0.2699
3001.518,54.6506,1.2362,2.2121,0.2943
3001.6704,50.3381,1.1892,2.2103,0.2802
3001.8228,51.3368,1.1855,2.2191,0.2763
3001.9752,55.1871,1.2145,2.2327,0.2638
3002.1276,62.3573,1.2592,2.243,0.2725
3002.28,65.3924,1.3353,2.2403,0.2736
3002.4324,65.4466,1.3803,2.2348,0.2798
3002.5848,61.9177,1.389,2.2295,0.2716
3002.7372,58.9777,1.381,2.2454,0.268
3002.8896,54.8914,1.3709,2.2767,0.2462
3003.042,53.0631,1.3732,2.3145,0.2343
3003.1944,55.1783,1.4017,2.3346,0.2242
3003.3468,56.1859,1.3963,2.3437,0.2229
3003.4992,58.1458,1.3921,2.3228,0.2207
3003.6516,60.2261,1.4337,2.2924,0.2135
3003.804,59.4955,1.3821,2.2679,0.2292
3003.9564,57.5673,1.3563,2.2587,0.2421
3004.1088,53.761,1.3797,2.2683,0.2506
3004.2612,56.8053,1.346,2.2844,0.2392
3004.4136,61.695,1.3545,2.2986,0.2221
3004.566,62.0198,1.3699,2.2998,0.2312
3004.7184,60.4043,1.3587,2.2779,0.2238
3004.8708,53.2889,1.3474,2.2548,0.2459
3005.0232,54.4009,1.3163,2.2351,0.2511
3005.1756,53.2318,1.3292,2.2313,0.262
3005.328,54.4011,1.2976,2.25,0.2513
3005.4804,55.1124,1.2287,2.2779,0.2464
3005.6328,58.6195,1.2053,2.2906,0.2359
3005.7852,61.6783,1.2257,2.2762,0.2313
3005.9376,60.9577,1.2256,2.2411,0.2466
3006.09,55.9579,1.2598,2.2225,0.2613
3006.2424,52.1042,1.3047,2.2044,0.2761
3006.3948,50.3049,1.2675,2.2149,0.2755
3006.5472,54.3576,1.2308,2.2232,0.2791
3006.6996,56.079,1.2566,2.2295,0.2696
3006.852,59.6739,1.289,2.2417,0.2604
3007.0044,58.6534,1.3089,2.2452,0.2483
3007.1568,58.3526,1.3651,2.2541,0.2514
3007.3092,58.567,1.3667,2.2431,0.2474
3007.4616,57.0113,1.3313,2.2396,0.2447
3007.614,56.9224,1.2992,2.219,0.2548
3007.7664,52.1081,1.2579,2.211,0.2593
3007.9188,52.7371,1.1953,2.2136,0.2584
3008.0712,56.2722,1.1651,2.2144,0.2617
3008.2236,58.5762,1.156,2.2214,0.2587
3008.376,58.695,1.1652,2.2157,0.277
3008.5284,55.03,1.1875,2.2095,0.2769
3008.6808,55.4359,1.2089,2.2082,0.2791
3008.8332,53.6651,1.2238,2.2089,0.2784
3008.9856,54.7043,1.2226,2.2232,0.2743
3009.138,54.2347,1.2171,2.2369,0.2616
3009.2904,56.424,1.238,2.2478,0.2474
3009.4428,54.8896,1.2415,2.2492,0.258
3009.5952,56.512,1.2202,2.2468,0.2797
3009.7476,58.0488,1.205,2.2382,0.2916
3009.9,57.6992,1.156,2.2263,0.2775
3010.0524,56.0292,1.154,2.2307,0.2676
3010.2048,53.9917,1.1687,2.2576,0.2685
3010.3572,53.2454,1.1775,2.2652,0.2789
3010.5096,52.8188,1.2208,2.2717,0.2862
3010.662,50.6767,1.2605,2.267,0.2869
3010.8144,50.7091,1.2524,2.2813,0.2724
3010.9668,49.7938,1.2431,2.2789,0.2586
3011.1192,50.8795,1.1703,2.2562,0.2463
3011.2716,55.2118,1.1201,2.2272,0.2497
3011.424,57.0355,1.1447,2.2198,0.26
3011.5764,61.4245,1.2106,2.2383,0.2809
3011.7288,63.4123,1.2896,2.268,0.2843
3011.8812,66.7355,1.3251,2.2801,0.271
3012.0336,64.1251,1.2911,2.2665,0.2552
3012.186,61.1435,1.2271,2.2395,0.2486
3012.3384,55.2673,1.2173,2.225,0.2564
3012.4908,55.1757,1.2273,2.2216,0.2647
3012.6432,53.3959,1.2579,2.2177,0.2641
3012.7956,56.3312,1.329,2.2173,0.2585
3012.948,53.8492,1.3652,2.2201,0.2615
3013.1004,53.0364,1.363,2.2248,0.2594
3013.2528,51.504,1.355,2.2299,0.2749
3013.4052,51.335,1.3276,2.2323,0.2503
3013.5576,55.1648,1.2977,2.2328,0.2403
3013.71,54.4981,1.2948,2.2369,0.2296
3013.8624,54.4981,1.3082,2.244,0.2438
3014.0148,52.5941,1.3148,2.2446,0.2557
3014.1672,53.6322,1.3449,2.2362,0.2534
3014.3196,54.6217,1.3748,2.2462,0.2521
3014.472,55.1781,1.3845,2.2716,0.2459
3014.6244,58.4073,1.3838,2.2892,0.2489
3014.7768,57.5704,1.354,2.2754,0.2506
3014.9292,58.3284,1.3059,2.2453,0.2542
3015.0816,54.5623,1.2671,2.2294,0.2608
3015.234,52.5335,1.2758,2.2306,0.259
3015.3864,51.821,1.2594,2.2338,0.265
3015.5388,52.858,1.2206,2.2292,0.2688
3015.6912,57.1258,1.2032,2.2259,0.2868
3015.8436,57.333,1.211,2.211,0.3002
3015.996,58.2404,1.2291,2.2139,0.3138
3016.1484,55.7749,1.2918,2.2108,0.3118
3016.3008,53.95,1.3147,2.2209,0.2905
3016.4532,52.4126,1.3052,2.2239,0.2794
3016.6056,58.4479,1.316,2.2274,0.2768
3016.758,59.1118,1.3303,2.2266,0.299
3016.9104,58.4455,1.3175,2.2338,0.2892
3017.0628,52.8335,1.3103,2.2365,0.28
3017.2152,52.2024,1.2593,2.247,0.2528
3017.3676,52.6283,1.1953,2.2764,0.2586
3017.52,53.7621,1.1545,2.2952,0.2629
3017.6724,56.36,1.1635,2.2795,0.2816
3017.8248,53.8763,1.2263,2.2473,0.2631
3017.9772,56.2322,1.306,2.2339,0.2587
3018.1296,55.6697,1.3674,2.2448,0.2434
3018.282,55.539,1.3909,2.2607,0.234
3018.4344,52.6733,1.3368,2.2654,0.2258
3018.5868,51.51,1.2426,2.2602,0.2196
3018.7392,53.3438,1.1109,2.2555,0.2151
3018.8916,54.2295,1.0089,2.2587,0.2121
3019.044,54.9161,0.9658,2.2563,0.2328
3019.1964,57.7537,0.9832,2.2568,0.2496
3019.3488,58.7861,1.0507,2.2708,0.2902
3019.5012,60.7227,1.0954,2.276,0.2883
3019.6536,60.0739,1.1228,2.2588,0.2989
3019.806,58.8858,1.1227,2.2276,0.2768
3019.9584,55.0008,1.0747,2.2065,0.2691
3020.1108,55.4802,1.0179,2.2012,0.2656
3020.2632,58.1761,1.0733,2.2032,0.2649
3020.4156,62.1815,1.2535,2.2173,0.2708
3020.568,66.4706,1.5419,2.2594,0.2768
3020.7204,68.7451,2.0558,2.3283,0.2558
3020.8728,67.5298,2.6557,2.3776,0.2448
3021.0252,69.716,2.5383,2.3826,0.2458
3021.1776,76.5187,2.4546,2.3867,0.2635
3021.33,89.2829,2.3949,2.3831,0.2699
3021.4824,90.0112,2.2234,2.3649,0.2877
3021.6348,86.9976,2.2813,2.3374,0.2984
3021.7872,82.7154,2.2746,2.3483,0.3176
3021.9396,82.2726,2.1318,2.3944,0.3075
3022.092,83.7589,2.1603,2.4089,0.317
3022.2444,83.4712,2.3673,2.376,0.3148
3022.3968,86.1222,2.8519,2.3561,0.338
3022.5492,87.069,3.6501,2.3926,0.3124
3022.7016,88.8141,3.5949,2.4321,0.2867
3022.854,91.0902,2.5202,2.4177,0.2472
3023.0064,88.3979,1.6862,2.3478,0.2289
3023.1588,78.1167,1.3326,2.2702,0.2243
3023.3112,65.7253,1.1565,2.2172,0.2442
3023.4636,57.0225,1.1274,2.1918,0.2675
3023.616,58.3377,1.0967,2.1971,0.2903
3023.7684,56.4856,1.0783,2.189,0.2952
3023.9208,57.1351,1.086,2.1882,0.3028
3024.0732,56.546,1.0912,2.1956,0.2981
3024.2256,58.2519,1.111,2.2088,0.295
3024.378,60.7618,1.1482,2.221,0.2843
3024.5304,58.6916,1.182,2.2148,0.2692
3024.6828,59.7107,1.218,2.2225,0.262
3024.8352,59.627,1.248,2.2362,0.2715
3024.9876,59.0603,1.284,2.2466,0.2707
3025.14,58.5413,1.2674,2.2331,0.2667
3025.2924,55.3358,1.205,2.223,0.2607
3025.4448,57.7101,1.1164,2.2163,0.2693
3025.5972,54.9851,1.0757,2.2255,0.2726
3025.7496,54.9851,1.105,2.2306,0.2794
3025.902,50.6286,1.1328,2.2396,0.2762
3026.0544,53.1134,1.2358,2.242,0.2755
3026.2068,52.0012,1.3136,2.2406,0.2616
3026.3592,52.115,1.2924,2.2397,0.26
3026.5116,54.0422,1.2365,2.2335,0.2623
3026.664,57.7117,1.2067,2.2348,0.2763
3026.8164,60.9718,1.1581,2.2422,0.2754
3026.9688,58.3951,1.1543,2.2648,0.2743
3027.1212,57.0987,1.1995,2.2642,0.2697
3027.2736,57.6376,1.2481,2.2588,0.2742
3027.426,58.8132,1.2863,2.2391,0.2773
3027.5784,58.3316,1.3129,2.229,0.2815
3027.7308,55.1975,1.3175,2.221,0.2867
3027.8832,57.3552,1.2659,2.2197,0.2873
3028.0356,60.9087,1.2312,2.2165,0.2866
3028.188,59.1836,1.198,2.2238,0.2871
3028.3404,58.5142,1.1621,2.2349,0.264
3028.4928,56.1273,1.1374,2.2372,0.2747
3028.6452,58.7782,1.0932,2.227,0.2844
3028.7976,55.2046,1.0927,2.2235,0.2947
3028.95,56.657,1.1195,2.2193,0.286
3029.1024,55.8133,1.1889,2.2369,0.2812
3029.2548,55.554,1.2847,2.2453,0.2643
3029.4072,51.0609,1.342,2.2551,0.2516
3029.5596,51.6448,1.3828,2.2477,0.246
3029.712,53.4334,1.3653,2.2409,0.2664
3029.8644,54.4928,1.3324,2.236,0.2941
3030.0168,53.1089,1.2872,2.2228,0.295
3030.1692,51.3203,1.2519,2.2035,0.2954
3030.3216,50.6601,1.1807,2.1841,0.2945
3030.474,51.7382,1.0969,2.1855,0.2982
3030.6264,53.167,1.0427,2.1877,0.2897
3030.7788,54.4378,1.0507,2.2132,0.287
3030.9312,59.0517,1.108,2.2471,0.2792
3031.0836,59.7104,1.2875,2.2809,0.2835
3031.236,62.3825,1.4432,2.2984,0.2738
3031.3884,60.431,1.448,2.3094,0.2647
3031.5408,67.9173,1.4511,2.3255,0.2497
3031.6932,68.5668,1.5813,2.3147,0.2462
3031.8456,72.4383,1.5499,2.3095,0.2412
3031.998,70.353,1.4774,2.2918,0.241
3032.1504,70.4829,1.4664,2.2586,0.2326
3032.3028,67.6076,1.3887,2.2252,0.2502
3032.4552,61.9376,1.2064,2.2019,0.2666
3032.6076,59.0227,1.1648,2.2136,0.2735
3032.76,59.9778,1.1329,2.2281,0.2847
3032.9124,59.347,1.1184,2.2401,0.2774
3033.0648,57.8363,1.1051,2.2514,0.2762
3033.2172,56.7755,1.0893,2.2463,0.2607
3033.3696,55.8662,1.0875,2.2413,0.2569
3033.522,57.4342,1.0978,2.2369,0.2529
3033.6744,54.2981,1.0595,2.2311,0.2624
3033.8268,56.3975,0.9931,2.217,0.2675
3033.9792,57.0562,0.9687,2.209,0.2732
3034.1316,57.2141,1.0086,2.2123,0.2774
3034.284,57.3043,1.0722,2.2257,0.2732
3034.4364,59.6702,1.1903,2.2504,0.2667
3034.5888,60.8675,1.3489,2.2568,0.2471
3034.7412,58.2419,1.3528,2.2593,0.2447
3034.8936,54.6431,1.306,2.2611,0.2351
3035.046,52.105,1.2937,2.2686,0.2415
3035.1984,52.3831,1.3007,2.2695,0.2411
3035.3508,52.0301,1.2886,2.2624,0.2422
3035.5032,56.0487,1.3131,2.2547,0.2447
3035.6556,58.851,1.2633,2.2474,0.2418
3035.808,61.685,1.1452,2.2456,0.2431
3035.9604,59.2854,1.06,2.243,0.2486
3036.1128,60.9948,1.0471,2.2451,0.255
3036.2652,63.6184,1.0674,2.249,0.2501
3036.4176,68.1631,1.1197,2.2485,0.2548
3036.57,64.5517,1.2425,2.242,0.2711
3036.7224,61.0762,1.2946,2.223,0.2999
3036.8748,55.0585,1.1904,2.2034,0.3101
3037.0272,55.5079,1.187,2.1968,0.319
3037.1796,57.5485,1.2723,2.2179,0.3191
3037.332,60.3721,1.4121,2.2618,0.2967
3037.4844,62.3673,1.5708,2.3084,0.2722
3037.6368,62.6663,1.683,2.3192,0.2453
3037.7892,63.9599,1.705,2.3033,0.233
3037.9416,64.1981,1.6512,2.2933,0.2284
3038.094,63.1098,1.6067,2.2989,0.2399
3038.2464,61.7175,1.5864,2.2936,0.2538
3038.3988,57.4574,1.5295,2.277,0.2677
3038.5512,56.021,1.5844,2.2718,0.2577
3038.7036,57.3913,1.683,2.3001,0.2421
3038.856,62.9913,1.8064,2.335,0.2206
3039.0084,65.584,2.0589,2.3582,0.2176
3039.1608,69.7284,2.1423,2.3543,0.2186
3039.3132,69.1014,1.9352,2.3605,0.2219
3039.4656,66.9503,1.981,2.3454,0.2324
3039.618,65.871,1.9045,2.3416,0.2404
3039.7704,68.7287,1.7158,2.3247,0.2422
3039.9228,72.3903,1.7723,2.3378,0.2305
3040.0752,71.3864,1.7362,2.3473,0.2285
3040.2276,70.8427,1.5913,2.3519,0.2298
3040.38,65.1173,1.5739,2.3243,0.2446
3040.5324,61.0185,1.4352,2.2847,0.2491
3040.6848,54.1491,1.3608,2.2519,0.259
3040.8372,51.3944,1.3163,2.2367,0.2523
3040.9896,53.6657,1.3206,2.2414,0.2663
3041.142,55.0574,1.3651,2.2605,0.2606
3041.2944,60.1232,1.4859,2.2862,0.2489
3041.4468,56.8671,1.6226,2.3165,0.2429
3041.5992,58.6544,1.6879,2.3349,0.2515
3041.7516,56.9471,1.7069,2.3475,0.2445
3041.904,61.0585,1.7843,2.3369,0.2347
3042.0564,61.0951,1.808,2.3316,0.226
3042.2088,62.1385,1.8259,2.3346,0.2195
3042.3612,60.5874,1.7788,2.3204,0.2184
3042.5136,62.6361,1.8009,2.304,0.2204
3042.666,68.1854,1.8163,2.3164,0.2343
3042.8184,80.0813,1.7377,2.3495,0.2402
3042.9708,83.5031,1.6724,2.3605,0.2572
3043.1232,76.1869,1.4924,2.3286,0.2701
3043.2756,64.5506,1.2451,2.2874,0.2675
3043.428,58.0494,1.2038,2.2663,0.2649
3043.5804,58.7917,1.2413,2.273,0.2572
3043.7328,62.1664,1.2736,2.2792,0.2594
3043.8852,63.1081,1.3723,2.2741,0.2554
3044.0376,65.8221,1.564,2.2738,0.2521
3044.19,64.2862,1.6464,2.2975,0.2606
3044.3424,62.1141,1.7305,2.3443,0.2436
3044.4948,60.7686,1.8733,2.3398,0.2212
3044.6472,58.5762,1.7832,2.3274,0.2107
3044.7996,59.5985,1.6873,2.3072,0.2107
3044.952,60.6887,2.1184,2.343,0.2108
3045.1044,56.6463,3.1067,2.4553,0.2048
3045.2568,53.2606,3.8796,2.6526,0.1842
3045.4092,51.7087,4.2321,2.7943,0.163
3045.5616,52.8777,3.1318,2.6235,0.1687
3045.714,55.8167,2.1223,2.4508,0.1919
3045.8664,54.7443,1.7419,2.3576,0.2123
3046.0188,55.6714,1.5941,2.3428,0.2091
3046.1712,58.6748,1.5009,2.3387,0.2043
3046.3236,58.496,1.4378,2.302,0.2134
3046.476,60.2966,1.3694,2.2713,0.2115
3046.6284,59.359,1.3196,2.2687,0.2177
3046.7808,60.534,1.3639,2.2733,0.2193
3046.9332,59.6059,1.4204,2.2827,0.2298
3047.0856,59.35,1.4397,2.2819,0.2249
3047.238,58.314,1.4076,2.2936,0.2137
3047.3904,57.3294,1.3989,2.3026,0.2025
3047.5428,55.9171,1.3993,2.3026,0.1981
3047.6952,55.5001,1.4142,2.294,0.2032
3047.8476,58.7992,1.4432,2.2714,0.2122
3048,61.0696,1.4531,2.2648,0.2191
3048.1524,62.8213,1.4601,2.2605,0.2225
3048.3048,56.7471,1.4412,2.2719,0.2111
3048.4572,54.0793,1.3562,2.26,0.2201
3048.6096,52.7644,1.2598,2.2627,0.2243
3048.762,58.988,1.2598,2.2617,0.2318
3048.9144,55.9241,1.3184,2.2813,0.2241
3049.0668,58.0338,1.3727,2.288,0.2321
3049.2192,56.4584,1.4911,2.3023,0.2397
3049.3716,59.3438,1.4807,2.3023,0.2327
3049.524,62.7494,1.4243,2.2934,0.2303
3049.6764,66.1199,1.5245,2.2869,0.2392
3049.8288,67.113,1.6641,2.2868,0.2509
3049.9812,65.3553,1.7972,2.3218,0.231
3050.1336,64.1886,1.8917,2.377,0.2161
3050.286,63.3746,1.8633,2.3964,0.2157
3050.4384,59.3191,1.7198,2.3692,0.2261
3050.5908,58.8297,1.5918,2.3246,0.2351
3050.7432,60.2551,1.5441,2.3025,0.2428
3050.8956,61.4855,1.5051,2.2883,0.2543
3051.048,59.5313,1.4269,2.2778,0.2578
3051.2004,58.4822,1.3822,2.2731,0.2617
3051.3528,59.4325,1.3226,2.2663,0.2528
3051.5052,61.2705,1.3334,2.2782,0.2548
3051.6576,61.1719,1.4451,2.2905,0.2418
3051.81,61.7492,1.4817,2.3027,0.2437
3051.9624,62.6996,1.508,2.3142,0.2279
3052.1148,63.1795,1.531,2.3184,0.2254
3052.2672,63.202,1.4717,2.3029,0.2205
3052.4196,62.3601,1.4041,2.2957,0.2334
3052.572,62.9725,1.4848,2.3011,0.2393
3052.7244,65.0578,1.6394,2.3233,0.2488
3052.8768,71.1018,1.9275,2.3379,0.243
3053.0292,73.5799,2.4147,2.3535,0.2233
3053.1816,74.3005,2.7313,2.4001,0.1966
3053.334,68.6676,3.2592,2.4892,0.1907
3053.4864,72.8625,4.4969,2.5905,0.2022
3053.6388,69.3833,6.0813,2.656,0.205
3053.7912,72.4555,7.7311,2.714,0.1959
3053.9436,66.7875,8.7019,2.7397,0.1805
3054.096,66.9048,5.4074,2.6804,0.1821
3054.2484,63.313,3.1437,2.5659,0.2064
3054.4008,62.3835,2,2.4533,0.2408
3054.5532,60.3376,1.4998,2.3613,0.2689
3054.7056,60.9651,1.3803,2.3041,0.2685
3054.858,59.5195,1.3955,2.2787,0.2638
3055.0104,65.9294,1.525,2.2834,0.2468
3055.1628,66.6693,1.792,2.29,0.2323
3055.3152,69.9856,1.8797,2.2825,0.2205
3055.4676,71.934,1.7339,2.2625,0.2305
3055.62,72.7682,1.5781,2.2599,0.2389
3055.7724,72.3032,1.4851,2.2593,0.2568
3055.9248,69.239,1.5671,2.2661,0.252
3056.0772,67.7569,1.663,2.2638,0.2606
3056.2296,68.9693,1.7185,2.2614,0.2517
3056.382,65.443,1.7637,2.2538,0.2435
3056.5344,65.4194,1.6882,2.2538,0.241
3056.6868,60.5953,1.6152,2.2676,0.2341
3056.8392,60.1782,1.5673,2.2837,0.2345
3056.9916,56.7189,1.5297,2.2884,0.2163
3057.144,57.4787,1.5033,2.2734,0.2186
3057.2964,56.5257,1.4315,2.2621,0.2217
3057.4488,56.5428,1.4168,2.2682,0.2314
3057.6012,58.3747,1.4269,2.2772,0.2359
3057.7536,58.4936,1.4114,2.2909,0.2273
3057.906,62.7758,1.411,2.2968,0.2269
3058.0584,59.6731,1.4095,2.2934,0.2213
3058.2108,58.3205,1.3934,2.2924,0.2419
3058.3632,55.2062,1.3613,2.2966,0.2487
3058.5156,58.0303,1.3415,2.3033,0.2609
3058.668,61.3793,1.404,2.3121,0.2602
3058.8204,60.6698,1.4772,2.313,0.266
3058.9728,58.7991,1.5177,2.3126,0.275
3059.1252,57.0913,1.5603,2.287,0.2783
3059.2776,57.2917,1.4831,2.2671,0.2616
3059.43,58.5561,1.4087,2.246,0.2528
3059.5824,61.9061,1.3691,2.2319,0.2369
3059.7348,64.272,1.3416,2.2324,0.2309
3059.8872,72.898,1.3482,2.2339,0.2342
3060.0396,82.1349,1.3591,2.2441,0.2529
3060.192,97.9603,1.4084,2.2468,0.2509
3060.3444,116.7415,1.5478,2.2778,0.2284
3060.4968,136.2579,1.6777,2.3134,0.2324
3060.6492,158.0844,1.7325,2.3419,0.245
3060.8016,169.9756,2.1685,2.3665,0.2484
3060.954,169.6975,2.7724,2.4025,0.2385
3061.1064,151.7708,3.1087,2.4416,0.2289
3061.2588,120.7112,3.3049,2.4217,0.2326
3061.4112,92.5421,2.9911,2.3657,0.2293
3061.5636,73.5129,2.3141,2.3251,0.2417
3061.716,65.815,1.8033,2.294,0.2488
3061.8684,63.7367,1.6764,2.2725,0.2454
3062.0208,65.3811,1.5399,2.2603,0.2321
3062.1732,75.5514,1.5435,2.2549,0.2313
3062.3256,89.4153,1.5964,2.2798,0.235
3062.478,104.0126,1.7529,2.3042,0.242
3062.6304,122.9723,2.2465,2.3569,0.238
3062.7828,128.5521,3.0641,2.4138,0.2399
3062.9352,120.1039,3.8575,2.4804,0.2439
3063.0876,101.2832,4.4339,2.5256,0.2624
3063.24,89.2153,3.5684,2.5732,0.2264
3063.3924,82.9017,3.7958,2.6492,0.2096
3063.5448,68.6742,4.1245,2.7894,0.2064
3063.6972,67.4951,3.5862,2.8835,0.2226
3063.8496,66.9148,3.3841,2.7828,0.2149
3064.002,69.883,2.7107,2.547,0.2247
3064.1544,63.3489,2.5581,2.4396,0.222
3064.3068,63.0949,2.6478,2.4532,0.2083
3064.4592,67.5677,2.4766,2.5324,0.2082
3064.6116,66.5672,2.3107,2.4712,0.22
3064.764,68.2348,1.8299,2.3466,0.2285
3064.9164,66.124,1.4277,2.2622,0.2455
3065.0688,72.9683,1.2885,2.2607,0.2582
3065.2212,105.7426,1.2156,2.2536,0.2757
3065.3736,153.0754,1.3707,2.2785,0.2831
3065.526,197.0475,1.7253,2.3449,0.3382
3065.6784,206.9793,2.2857,2.4176,0.3969
3065.8308,197.2582,3.8357,2.4762,0.4722
3065.9832,183.5903,5.6354,2.4742,0.4427
3066.1356,172.3295,5.6247,2.4679,0.3703
3066.288,171.5446,5.3293,2.4623,0.334
3066.4404,178.6645,4.6526,2.4902,0.3175
3066.5928,188.4634,4.1566,2.5536,0.3048
3066.7452,195.081,3.6456,2.6032,0.2928
3066.8976,198.3918,3.4382,2.5803,0.321
3067.05,186.5077,3.7034,2.5481,0.3511
3067.2024,171.5051,3.6749,2.5322,0.333
3067.3548,156.9283,3.4702,2.5298,0.3035
3067.5072,155.6098,3.671,2.5086,0.2954
3067.6596,152.4199,3.6394,2.4878,0.2912
3067.812,150.2702,3.8445,2.4764,0.2937
3067.9644,142.0911,4.1246,2.5076,0.3024
3068.1168,145.8006,4.3844,2.5226,0.329
3068.2692,152.8057,4.6077,2.5424,0.3435
3068.4216,159.7716,4.6536,2.5283,0.3298
3068.574,164.5224,4.6694,2.5217,0.3224
3068.7264,167.3503,4.7605,2.5134,0.3285
3068.8788,177.6598,4.5905,2.5165,0.3364
3069.0312,181.3521,4.4817,2.5065,0.3389
3069.1836,175.2523,4.4292,2.5225,0.3386
3069.336,170.5635,4.3163,2.5771,0.3459
3069.4884,163.0199,4.2685,2.6378,0.3408
3069.6408,154.6199,4.544,2.6246,0.3228
3069.7932,148.4418,4.744,2.5667,0.3158
3069.9456,155.2196,4.7289,2.5308,0.3181
3070.098,171.5948,4.3967,2.5266,0.3123
3070.2504,177.5136,3.5718,2.5239,0.3113
3070.4028,179.7915,3.3353,2.5195,0.3375
3070.5552,178.8346,3.2425,2.5365,0.3716
3070.7076,173.6414,3.2717,2.5705,0.3753
3070.86,165.6346,3.4571,2.6181,0.3746
3071.0124,157.6442,3.8517,2.5761,0.3513
3071.1648,157.3653,4.2468,2.5088,0.3313
3071.3172,151.5795,4.3484,2.4647,0.3084
3071.4696,141.9478,3.6828,2.4505,0.3261
3071.622,138.9776,3.1126,2.4356,0.3168
3071.7744,136.2764,2.9942,2.453,0.3191
3071.9268,125.9456,2.9697,2.475,0.3165
3072.0792,110.1487,3.3264,2.5278,0.3338
3072.2316,104.4086,3.5714,2.5392,0.3577
3072.384,107.2565,3.6651,2.5331,0.3441
3072.5364,119.5815,3.8575,2.4905,0.3336
3072.6888,129.6267,3.8661,2.4591,0.3064
3072.8412,141.4351,4.1115,2.4465,0.3067
3072.9936,142.4561,3.8411,2.4365,0.3122
3073.146,137.113,3.4763,2.4212,0.3121
3073.2984,128.6392,3.3832,2.4375,0.3063
3073.4508,118.6918,3.2081,2.5314,0.2977
3073.6032,111.4251,3.3177,2.6797,0.3209
3073.7556,106.7718,4.0383,2.716,0.3452
3073.908,114.9962,4.4167,2.6056,0.3345
3074.0604,127.6577,4.6111,2.5033,0.3239
3074.2128,133.9555,4.4552,2.4792,0.2915
3074.3652,133.6385,3.9037,2.4861,0.2804
3074.5176,133.3045,3.4714,2.494,0.2736
3074.67,154.255,3.3842,2.4975,0.2921
3074.8224,168.3126,3.7368,2.5034,0.2979
3074.9748,182.2652,3.9077,2.527,0.3084
3075.1272,178.1718,3.9471,2.5258,0.2989
3075.2796,183.8099,4.042,2.5343,0.31
3075.432,174.217,3.8128,2.5215,0.2935
3075.5844,175.1755,3.7269,2.5358,0.3115
3075.7368,161.8294,3.7951,2.5249,0.3012
3075.8892,158.6868,3.8525,2.5269,0.3148
3076.0416,147.7804,3.9305,2.5132,0.2864
3076.194,147.5928,4.1071,2.5199,0.2803
3076.3464,147.1265,4.0851,2.5341,0.2796
3076.4988,157.8752,3.8935,2.5489,0.3154
3076.6512,168.3503,3.7267,2.5644,0.3241
3076.8036,178.3113,3.4843,2.5479,0.3143
3076.956,180.6307,3.2377,2.5363,0.3425
3077.1084,176.0007,3.0378,2.5097,0.3664
3077.2608,173.7381,2.8088,2.5054,0.3804
3077.4132,175.902,2.6514,2.509,0.3605
3077.5656,179.7617,2.6236,2.5305,0.3416
3077.718,187.9868,2.6674,2.5395,0.3093
3077.8704,194.6459,2.7847,2.5338,0.3007
3078.0228,198.6461,3.025,2.529,0.2987
3078.1752,199.7354,3.2605,2.5352,0.2909
3078.3276,197.5855,3.1686,2.5154,0.3119
3078.48,201.7238,2.9585,2.5038,0.3393
3078.6324,200.6344,2.794,2.4923,0.3699
3078.7848,208.9757,2.6435,2.5151,0.3888
3078.9372,216.285,2.7427,2.5291,0.3834
3079.0896,225.3775,3.3364,2.5321,0.3917
3079.242,207.5827,2.9402,2.5051,0.3653
3079.3944,177.6636,2.6307,2.4457,0.3186
3079.5468,153.8655,2.8582,2.4159,0.2845
3079.6992,146.252,2.9923,2.4266,0.2764
3079.8516,141.0574,3.0028,2.4711,0.2811
3080.004,128.0589,3.1123,2.4994,0.2723
3080.1564,114.8192,3.7054,2.471,0.2695
3080.3088,102.6151,4.1902,2.5053,0.233
3080.4612,94.6995,5.2502,2.5493,0.1886
3080.6136,84.5509,12.4889,2.6534,0.1539
3080.766,91.6137,39.5567,2.6802,0.1511
3080.9184,102.7427,59.6294,2.6912,0.1539
3081.0708,115.2413,57.8072,2.684,0.1463
3081.2232,121.1213,26.7495,2.6669,0.1405
3081.3756,115.8011,16.1136,2.6464,0.1475
3081.528,111.7827,9.1119,2.6373,0.1763
3081.6804,107.0706,5.4271,2.6195,0.2288
3081.8328,111.7381,3.4315,2.595,0.3036
3081.9852,112.3717,2.5903,2.5533,0.3421
3082.1376,112.7246,2.2792,2.4655,0.3246
3082.29,112.6822,2.0421,2.3897,0.3067
3082.4424,119.5311,1.7718,2.391,0.3084
3082.5948,131.91,1.9542,2.4636,0.3185
3082.7472,151.1919,2.2223,2.5293,0.3139
3082.8996,185.8331,2.7244,2.5379,0.3007
3083.052,205.5082,3.5782,2.5404,0.3086
3083.2044,223.2857,3.5799,2.5237,0.3531
3083.3568,221.2004,3.188,2.5054,0.4105
3083.5092,225.5889,3.0887,2.4932,0.4071
3083.6616,221.7557,2.8444,2.497,0.4014
3083.814,219.8239,2.8922,2.5087,0.3964
3083.9664,206.1869,3.0687,2.5289,0.3782
3084.1188,191.7286,3.131,2.5467,0.3475
3084.2712,183.8131,3.3817,2.5534,0.3268
3084.4236,178.3912,3.4655,2.5466,0.3339
3084.576,175.2718,3.4797,2.5337,0.3177
3084.7284,152.449,3.7926,2.5095,0.3257
3084.8808,139.659,4.1202,2.4795,0.3208
3085.0332,125.2617,4.2579,2.4585,0.2841
3085.1856,124.2081,4.5337,2.4539,0.2481
3085.338,131.0201,4.5573,2.4629,0.2281
3085.4904,134.4039,4.5573,2.4797,0.2362
3085.6428,146.7314,4.66,2.4927,0.2423
3085.7952,155.2906,4.8844,2.5171,0.26
3085.9476,176.8149,4.8788,2.5246,0.2815
3086.1,186.1874,4.8948,2.5318,0.2886
3086.2524,199.2792,4.8797,2.5397,0.2983
3086.4048,205.0186,4.7176,2.5528,0.3225
3086.5572,215.096,4.3236,2.5473,0.3833
3086.7096,207.5709,3.963,2.5329,0.4175
3086.862,200.9742,3.5255,2.5228,0.3825
3087.0144,185.6185,3.1514,2.527,0.3663
3087.1668,185.3216,2.8957,2.5296,0.374
3087.3192,177.3974,3.022,2.5254,0.3582
3087.4716,173.7676,3.0675,2.5376,0.3578
3087.624,173.3584,3.0698,2.5467,0.3336
3087.7764,168.2146,3.0848,2.5684,0.3531
3087.9288,171.1813,3.1026,2.5665,0.3415
3088.0812,170.069,3.1394,2.5684,0.3589
3088.2336,180.5529,3.2609,2.5561,0.3343
3088.386,181.5571,3.3991,2.5521,0.3364
3088.5384,185.1941,3.5058,2.5492,0.3397
3088.6908,187.2082,3.5061,2.5392,0.356
3088.8432,193.4127,3.3456,2.5252,0.3689
3088.9956,196.2363,3.1943,2.5157,0.3927
3089.148,189.6183,3.0292,2.5104,0.3864
3089.3004,179.3676,2.9758,2.536,0.3465
3089.4528,165.5278,3.0602,2.5678,0.3239
3089.6052,162.2891,3.2833,2.5889,0.3308
3089.7576,165.8507,3.5563,2.5822,0.3431
3089.91,168.144,3.7993,2.5689,0.342
3090.0624,173.529,3.9288,2.5487,0.3337
3090.2148,175.8111,3.6584,2.5204,0.3406
3090.3672,177.1301,3.0914,2.5037,0.3102
3090.5196,175.2291,2.7296,2.5079,0.3176
3090.672,171.7634,2.5824,2.5294,0.351
3090.8244,171.837,2.4407,2.5517,0.3831
3090.9768,172.5585,2.4307,2.5417,0.3701
3091.1292,176.0341,2.6564,2.5451,0.3565
3091.2816,173.1029,2.9287,2.5355,0.3402
3091.434,178.4924,3.1508,2.5352,0.3397
3091.5864,175.9406,3.32,2.5319,0.3402
3091.7388,179.9116,3.5178,2.5204,0.336
3091.8912,172.9793,3.4846,2.4986,0.3386
3092.0436,171.2907,3.2726,2.4889,0.3449
3092.196,172.7453,3.1441,2.4983,0.3718
3092.3484,167.1441,3.0204,2.5161,0.3602
3092.5008,168.443,2.9225,2.5188,0.3647
3092.6532,166.1348,3.0704,2.5142,0.3552
3092.8056,165.2656,3.2483,2.5218,0.3753
3092.958,168.7727,3.6188,2.5212,0.3404
3093.1104,168.5865,4.1441,2.5372,0.3497
3093.2628,173.3524,4.548,2.5344,0.3205
3093.4152,177.5832,4.5744,2.5227,0.3341
3093.5676,191.7977,4.25,2.5146,0.3193
3093.72,208.2172,3.9529,2.5071,0.3495
3093.8724,205.353,3.8104,2.5127,0.3183
3094.0248,180.9333,3.6577,2.5191,0.2749
3094.1772,157.5328,3.7925,2.5245,0.2377
3094.3296,144.1485,4.1632,2.5352,0.2362
3094.482,150.0714,4.2807,2.5359,0.2456
3094.6344,157.2013,4.3216,2.5363,0.264
3094.7868,161.632,4.3844,2.5428,0.2816
3094.9392,165.3038,4.3212,2.5484,0.2938
3095.0916,165.5446,4.1898,2.5625,0.2893
3095.244,173.5287,3.851,2.5632,0.297
3095.3964,176.7858,3.3262,2.5491,0.3153
3095.5488,176.9157,3.0408,2.5145,0.3475
3095.7012,168.7251,2.7673,2.4696,0.388
3095.8536,159.8498,2.6117,2.4245,0.3919
3096.006,156.0919,2.5051,2.4017,0.3793
3096.1584,155.415,2.4775,2.433,0.3558
3096.3108,157.8805,2.4681,2.5147,0.3904
3096.4632,153.3486,2.4808,2.5678,0.4094
3096.6156,148.4401,2.5639,2.5494,0.3957
3096.768,144.369,2.7368,2.5379,0.3496
3096.9204,148.5397,2.9832,2.5316,0.3121
3097.0728,160.371,3.1334,2.5056,0.2917
3097.2252,169.3158,2.9535,2.4616,0.2918
3097.3776,178.241,2.5967,2.4469,0.3121
3097.53,175.0522,2.4407,2.478,0.3404
3097.6824,173.5524,2.4111,2.515,0.3793
3097.8348,167.4474,2.4795,2.5488,0.3936
3097.9872,162.21,2.6413,2.5452,0.34
3098.1396,159.464,3.0931,2.5259,0.3276
3098.292,156.996,3.7504,2.5163,0.3062
3098.4444,165.9306,3.9993,2.5234,0.3283
3098.5968,169.9053,4.08,2.5335,0.3113
3098.7492,180.6906,3.9162,2.5374,0.3025
3098.9016,177.9628,3.3255,2.5396,0.3123
3099.054,173.8026,2.9374,2.5434,0.3321
3099.2064,163.3332,2.7971,2.5422,0.3619
3099.3588,153.6388,2.735,2.5511,0.3283
3099.5112,155.1975,2.9575,2.5513,0.3325
3099.6636,156.8348,3.2492,2.5574,0.3433
3099.816,163.2819,3.4158,2.5528,0.3436
3099.9684,166.9189,3.4085,2.5388,0.3391
